"Species","Parameter","Estimate","Est.Error","Q2.5","Q97.5"
"Abudefduf sexfasciatus","k",0.934698122621035,0.0960194762181553,0.75733564636216,1.14015499691116
"Abudefduf sexfasciatus","linf",14.7460219184231,0.427790964750431,13.9898567119622,15.7103968735365
"Abudefduf sexfasciatus","t0",-0.0360603569515378,0.0330356477039051,-0.106009532317855,0.0241534822882251
"Acanthurus achilles","k",0.960035337103103,0.128441116917131,0.740927190244271,1.24234489123834
"Acanthurus achilles","linf",18.3461386935597,0.823938307494484,16.7361102468149,20.0319724383606
"Acanthurus achilles","t0",-0.0409598736434898,0.0345086565324417,-0.113894550356088,0.020883507562419
