"Species","Parameter","Estimate","Est.Error","Q2.5","Q97.5"
"Acanthurus achilles","K",0.832096662703862,0.210359410673954,0.52256899714216,1.3395159107209
"Acanthurus achilles","Linf",20.1778526273376,0.800388706747474,18.6083751428307,21.7264822484942
"Acanthurus achilles","t0",-0.102892707901244,0.239487348499516,-0.475588010923402,0.392294640653037
"Acanthurus pyroferus","K",0.586160024475398,0.103387019276874,0.425529529623671,0.82815388969017
"Acanthurus pyroferus","Linf",21.2493638139236,1.01211074874009,19.17974215897,23.1734408953156
"Acanthurus pyroferus","t0",-0.453446078545066,0.0433155606300581,-0.498782092681567,-0.338447629136965
